"epoch","lcls_nih_improved - _step","lcls_nih_improved - _step__MIN","lcls_nih_improved - _step__MAX","lcls_nih_improved - epoch/AUROC@Multilabel","lcls_nih_improved - epoch/AUROC@Multilabel__MIN","lcls_nih_improved - epoch/AUROC@Multilabel__MAX"
"0","33.5","0","67","0.5019774474292547","0.4171277582645416","0.5193410238952753"
"1","121.5","88","155","0.5321841841790023","0.4726477265357971","0.5372013474445162"
"2","209.5","176","243","0.5433443789051569","0.48926156759262085","0.5560891926288605"
"3","297.5","264","331","0.5445275211536387","0.5011085867881775","0.5475433617185205"
"4","385.5","352","419","0.5457422765448564","0.42553550004959106","0.5529057390895891"
"5","473.5","440","507","0.550151114296896","0.5384705744006417","0.610439658164978"
"6","561.5","528","595","0.5446974992996139","0.5079560279846191","0.5503148241349828"
"7","649.5","616","683","0.5428677920619535","0.5379969525676203","0.5647010207176208"
"8","737.5","704","771","0.5475644750497161","0.517534077167511","0.5591683011563098"
"9","825.5","792","859","0.5389440906553498","0.5015569979494269","0.5467741033610176"
"10","913.5","880","947","0.5418138856466603","0.5240010179224468","0.5741422772407532"
"11","1001.5","968","1035","0.5442317220564806","0.536050097508864","0.5546493770145788"
"12","1089.5","1056","1123","0.5364441117154648","0.4269423484802246","0.5422055853194878"
"13","1177.5","1144","1211","0.5408137213279057","0.524232709691638","0.6313803791999817"
"14","1265.5","1232","1299","0.5412183710336349","0.5031453967094421","0.5461554846442338"
"15","1353.5","1320","1387","0.5400005132580777","0.40816715359687805","0.5518673495812849"
"16","1441.5","1408","1475","0.5383824477366363","0.5142121315002441","0.5516925101930444"
"17","1529.5","1496","1563","0.5367686331015785","0.5301322557709434","0.569343090057373"
"18","1599.5","1584","1615","0.5372842298819667","0.5264907892673246","0.5443022765896537"
